[
    {
        "text": "Just completed a 4.87 km run with @Runkeeper. Check it out! https://t.co/QeB0SmBONJ #Runkeeper", 
        "created_at": "Sun Sep 30 06:58:57 +0000 2018"
    }, 
    {
        "text": "Just completed a 1.89 mi run with @Runkeeper. Check it out! https://t.co/Yo1voS1OoJ #Runkeeper", 
        "created_at": "Sun Sep 30 06:58:57 +0000 2018"
    }, 
    {
        "text": "Just completed a 10.61 km run with @Runkeeper. Check it out! https://t.co/9GnepQIr70 #Runkeeper", 
        "created_at": "Sun Sep 30 06:58:56 +0000 2018"
    }, 
    {
        "text": "Just posted a 10.34 km run - New PB on this route \ud83d\ude42 https://t.co/7cGHlhEIlW #Runkeeper", 
        "created_at": "Sun Sep 30 06:57:54 +0000 2018"
    }, 
    {
        "text": "Just completed a 3.02 km run with @Runkeeper. Check it out! https://t.co/VUzLbkFGyW #Runkeeper", 
        "created_at": "Sun Sep 30 06:52:42 +0000 2018"
    }, 
    {
        "text": "Just completed a 10.00 km run with @Runkeeper. Check it out! https://t.co/slgWps1MJ6 #Runkeeper", 
        "created_at": "Sun Sep 30 06:52:42 +0000 2018"
    }, 
    {
        "text": "Just completed a 21.01 km run with @Runkeeper. Check it out! https://t.co/1rfZO6pZpU #Runkeeper", 
        "created_at": "Sun Sep 30 06:51:39 +0000 2018"
    }, 
    {
        "text": "Just completed a 4.66 km run with @Runkeeper. Check it out! https://t.co/T4j6NWANNJ #Runkeeper", 
        "created_at": "Sun Sep 30 06:50:36 +0000 2018"
    }, 
    {
        "text": "Just completed a 11.40 km walk with @Runkeeper. Check it out! https://t.co/5BMMcaGDzJ #Runkeeper", 
        "created_at": "Sun Sep 30 06:49:34 +0000 2018"
    }, 
    {
        "text": "Just posted a MySports Freestyle in 1:01:28  - TomTom MySports Watch https://t.co/tv6pKRfYRo #Runkeeper", 
        "created_at": "Sun Sep 30 06:49:34 +0000 2018"
    }
]