[
    {"die1": 5, "die2": 2},
    {"die1": 4, "die2": 3},
    {"die1": 6, "die2": 1},
    {"die1": 2, "die2": 5},
    {"die1": 1, "die2": 6},
    {"die1": 3, "die2": 4},
    {"die1": 2, "die2": 5},
    {"die1": 1, "die2": 6},
    {"die1": 4, "die2": 3},
    {"die1": 3, "die2": 4},
    {"die1": 6, "die2": 1},
    {"die1": 6, "die2": 1},
    {"die1": 4, "die2": 3},
    {"die1": 1, "die2": 6},
    {"die1": 2, "die2": 5},
    {"die1": 5, "die2": 2},
    {"die1": 4, "die2": 3},
    {"die1": 3, "die2": 4},
    {"die1": 4, "die2": 3}
]